train_posterior_rmse,test_posterior_rmse,train_posterior_ll,test_posterior_ll
0.0006366679387889962,0.0006699427868587602,3.6775041552955523,3.4956837876338818





